customer name ,k8s.cluster.name,k8s.namespace.name
cbar,aps1-mt,cbar-ctix
idbi,aps1-mt,idbi-ctix
idfc,aps1-mt,idfc-ctix
vii,aps1-mt,vii-ctix
td-bank,cac1-mt,tdbank-ctix
autoisac,euw1-mt,autoisac-ctix
certin,euw1-mt,certin-ctix
healthineers/siemens,euw1-mt,healthineers/siemens-ctix
qcs,euw1-mt,qcs-ctix
Unicredit,euw1-mt,Unicredit-ctix
Z-CERT,euw1-mt,z-cert-ctix
nhs,euw2-mt,nhs-ctix
schroders,euw2-mt,schroders-ctix
bmo-uat,poc-use2-mt,bmo-uat-ctix
citi-uat,poc-use2-mt,citi-uat-ctix
cs-testv2,poc-use2-mt,cs-testv2-ctix
cydemo,poc-use2-mt,cydemo-ctix
demov6,poc-use2-mt,demov6-ctix
globalsolutions,poc-use2-mt,globalsolutions-ctix
nfr-intel471,poc-use2-mt,nfr-intel471-ctix
poc-genworth,poc-use2-mt,poc-genworth-ctix
poc-hilton,poc-use2-mt,poc-hilton-ctix
poc-intuitive,poc-use2-mt,poc-intuitive-ctix
poc-itmim,poc-use2-mt,poc-itmim
a-isac,prod-use2-mt,a-isac-ctix
armorpoint,prod-use2-mt,srmorpoint-ctix
ascensionti,prod-use2-mt,ascensionti-ctix
Blue Cross Blue Shield of Michigan/bcbsm,prod-use2-mt,bcbsm-ctix
Berkshire Hathaway Energy/bhe,prod-use2-mt,bhe-ctix
blue-cross,prod-use2-mt,blue-cross
bank of montreal/bmo,prod-use2-mt,bmo-ctix
carlyle,prod-use2-mt,carlyle-ctix
citi,prod-use2-mt,citi-ctix
clearme,prod-use2-mt,clearme-ctix
cta,prod-use2-mt,cta-ctix
cuw-tc,prod-use2-mt,cuw-tc-ctix
damaseus,prod-use2-mt,damaseus-ctix
e-isac,prod-use2-mt,e-isac-ctix
fusion,prod-use2-mt,fusion-ctix
guidepoint,prod-use2-mt,guidepoint-ctix
h-isac,prod-use2-mt,h-isac-ctix
jango-fitt,prod-use2-mt,jango-fitt-ctix
kpmg,prod-use2-mt,kpmg-ctix
lsisa,prod-use2-mt,Lsisa-ctix
mfc,prod-use2-mt,mfc-ctix
mizuho,prod-use2-mt,mizuho-ctix
mm-isac,prod-use2-mt,mm-isac-ctix
nextera,prod-use2-mt,nextera-ctix
paramount,prod-use2-mt,paramount-ctix
proskaurer,prod-use2-mt,proskaurer-ctix
redpanda,prod-use2-mt,redpanda-ctix
rga,prod-use2-mt,rga-ctix
s-isac,prod-use2-mt,s-isac-ctix
sme,prod-use2-mt,sme-ctix
stndindustries,prod-use2-mt,stndindustries-ctix
statefarm,prod-use2-mt,statefarm-ctix
stryker,prod-use2-mt,stryker-ctix
syscofoods,prod-use2-mt,syscofoods-ctix
threatfeed,prod-use2-mt,threatfeed-ctix
uber,prod-use2-mt,uber-ctix
mmc,prod-use2-mt,mmc-ctix
Haleon,prod-use2-mt,haleon-ctix